KBase Phylo Ref	KBase Phylo ObjName	KBase DB Ref	KBase DB ObjName	NCBI TaxID	GOLD ID	IMG ID	RefSeq ID	GenBank / INSDC	Genbank/RefSeq Assembly	Code	Species Name	Isolate / MAG	Domain	Phylum	Class	Order	Full Lineage
50737/2/1	Acidobacterium_ailaaui	19217/206628/3	GCF_000688455.1	1382359	Go0034257	2558860986	NZ_JIAL00000000.1	JIAL00000000.1	GCF_000688455.1_ASM68845v1		Acidobacterium ailaaui PMMR2	Isolate	Bacteria	Acidobacteria	Acidobacteriia		cellular organisms; Bacteria; Acidobacteria; Acidobacteriia; Acidobacteriales; Acidobacteriaceae; Acidobacterium; Acidobacterium ailaaui
50737/3/1	Aquifex_aeolicus_VF5	19217/154546/3	GCF_000008625.1	224324	Go0000776	637000010	NC_000918.1	AE000657.1	GCF_000008625.1_ASM862v1		Aquifex aeolicus VF5	Isolate	Bacteria	Aquificae	Aquificae		cellular organisms; Bacteria; Aquificae; Aquificae; Aquificales; Aquificaceae; Aquifex; Aquifex aeolicus
50737/4/1	Caldisericum_exile_AZM16c01	19217/151363/4	GCF_000284335.1	511051	Go0006583	2513237181	NC_017096.1	AP012051.1	GCF_000284335.1_ASM28433v1		Caldisericum exile AZM16c01	Isolate	Bacteria	Caldiserica	Caldisericia		cellular organisms; Bacteria; Caldiserica; Caldisericia; Caldisericales; Caldisericaceae; Caldisericum; Caldisericum exile
50737/5/1	Caldithrix_abyssi_DSM_13497	19217/174417/3	GCF_001886815.1	880073	Go0003487	2718218154	NZ_CP018099.1	CP018099.1	GCF_001886815.1_ASM188681v1		Caldithrix abyssi DSM 13497	Isolate	Bacteria	Calditrichaeota	Calditrichae		cellular organisms; Bacteria; Calditrichaeota; Calditrichae; Calditrichales; Calditrichaceae; Caldithrix; Caldithrix abyssi
50737/6/1	Chrysiogenes_arsenatis_DSM_11915	19217/206861/4	GCF_000469585.1	118005	Go0001331	2579778963	NZ_AWNK00000000.1	AWNK00000000.1	GCF_000469585.1_Chrysiogenes_arsenatis		Chrysiogenes arsenatis DSM 11915	Isolate	Bacteria	Chrysiogenetes	Chrysiogenetes		cellular organisms; Bacteria; Chrysiogenetes; Chrysiogenetes; Chrysiogenales; Chrysiogenaceae; Chrysiogenes; Chrysiogenes arsenatis
50737/7/1	Deferribacter_desulfuricans_SSM1	19217/180873/3	GCF_000010985.1	639282	Go0001111	646564525	NC_013939.1	AP011529.1	GCF_000010985.1_ASM1098v1		Deferribacter desulfuricans SSM1	Isolate	Bacteria	Deferribacteres	Deferribacteres		cellular organisms; Bacteria; Deferribacteres; Deferribacteres; Deferribacterales; Deferribacteraceae; Deferribacter; Deferribacter desulfuricans
50737/8/1	Dictyoglomus_turgidum_DSM_6724	19217/145046/5	GCF_000021645.1	515635	Go0000002	643348543	NC_011661.1	CP001251.1	GCF_000021645.1_ASM2164v1		Dictyoglomus turgidum DSM 6724	Isolate	Bacteria	Dictyoglomi	Dictyoglomia		cellular organisms; Bacteria; Dictyoglomi; Dictyoglomia; Dictyoglomales; Dictyoglomaceae; Dictyoglomus; Dictyoglomus turgidum
50737/9/1	Elusimicrobium_minutum_Pei191	19217/73555/5	GCF_000020145.1	445932	Go0003397	642555127	NC_010644.1	CP001055.1	GCF_000020145.1_ASM2014v1		Elusimicrobium minutum Pei191	Isolate	Bacteria	Elusimicrobia	Elusimicrobia		cellular organisms; Bacteria; Elusimicrobia; Elusimicrobia; Elusimicrobiales; Elusimicrobiaceae; Elusimicrobium; Elusimicrobium minutum
50737/10/1	Bacteroides_ovatus_V975	19217/208622/13	GCF_900095495.1	1379690	Go0364054	N/A	NZ_CP012938.1	LT622246.1	GCF_900095495.1_B_ovatus_V975		Bacteroides ovatus V975	Isolate	Bacteria	Bacteroidetes/Chlorobi group	Bacteroidia		cellular organisms; Bacteria; FCB group; Bacteroidetes/Chlorobi group; Bacteroidetes; Bacteroidia; Bacteroidales; Bacteroidaceae; Bacteroides; Bacteroides ovatus
				1379698	N/A	N/A	N/A	AUYT00000000.1	GCF_000447245.1_RBG_1		candidate division Zixibacteria bacterium RBG-1	MAG	Bacteria	candidate division Zixibacteria	candidate division Zixibacteria		cellular organisms; Bacteria; FCB group; candidate division Zixibacteria
				1775674	N/A	N/A	N/A	LQBI00000000.1	GCA_002030045.1_ASM203004v1		Candidatus Aegiribacteria bacterium MLS_C	MAG	Bacteria	Candidatus Aegiribacteria	Candidatus Aegiribacteria		cellular organisms; Bacteria; FCB group; Candidatus Aegiribacteria
		19217/101269/5	GCF_000146065.2	459349	N/A	642555115	NC_020449.1	CU466930.1	GCF_000146065.2_ASM14606v1		Candidatus Cloacimonas acidaminovorans str. Evry	MAG	Bacteria	Candidatus Cloacimonetes	Candidatus Cloacimonetes		cellular organisms; Bacteria; FCB group; Candidatus Cloacimonetes; Candidatus Cloacimonas; Candidatus Cloacimonas acidaminovorans
				1902299	N/A	N/A	N/A	MJAN00000000.1	GCA_001875255.1_ASM187525v1		Candidatus Sabulitectum silens	MAG	Bacteria	Candidatus Fermentibacteria	Candidatus Fermentibacteria		cellular organisms; Bacteria; FCB group; Candidatus Fermentibacteria; Candidatus Sabulitectum
				1379305	N/A	N/A	N/A	AWNW00000000.1	GCF_000493945.1_Hydrogenedentes_bacterium_OTU_1		Candidatus Hydrogenedens terephthalicus JGI OTU-1	SAG	Bacteria	Candidatus Hydrogenedentes	Candidatus Hydrogenedentes		cellular organisms; Bacteria; FCB group; Candidatus Hydrogenedentes; Candidatus Hydrogenedens; Candidatus Hydrogenedens terephthalicus
		19217/295563/6	GCF_001536065.1	1633643	N/A	N/A	NZ_CZVW00000000.1	CZVW00000000.1	GCF_001536065.1_JGI_assembly		Candidatus Chrysopegis kryptomonas	SAG	Bacteria	Candidatus Kryptonia	Candidatus Kryptonia		cellular organisms; Bacteria; FCB group; Candidatus Kryptonia; Candidatus Chrysopegis
				910047	Go0011342	2264867254	N/A	AQSL00000000.1	GCF_000403035.1_ASM40303v1		Candidatus Latescibacter anaerobius SCGC AAA252-E07	SAG	Bacteria	Candidatus Latescibacteria	Candidatus Latescibacteria		cellular organisms; Bacteria; FCB group; Candidatus Latescibacteria; Candidatus Latescibacter; Candidatus Latescibacter anaerobius
				939857	Go0012350	2264867243	N/A	AQSI00000000.1	GCF_000402655.1_ASM40265v1		Marinimicrobia bacterium SCGC AAA298-D23	SAG	Bacteria	Candidatus Marinimicrobia	Candidatus Marinimicrobia		cellular organisms; Bacteria; FCB group; Candidatus Marinimicrobia
				1008392	Go0116378	2636415956	N/A (low quality)	LDWW00000000.1	GCA_001045525.1_ASM104552v1		Chitinispirillum alkaliphilum: DSM 24539	Isolate	Bacteria	Fibrobacteres	Chitinispirillia		cellular organisms; Bacteria; FCB group; Fibrobacteres; Chitinispirillia; Chitinispirillales; Chitinispirillaceae; Chitinispirillum
50737/12/1	Gemmatimonas_aurantiaca_T-27	19217/170940/3	GCF_000010305.1	379066	Go0001485	643692024	NC_012489.1	AP009153.1	GCF_000010305.1_ASM1030v1		Gemmatimonas aurantiaca T-27	Isolate	Bacteria	Gemmatimonadetes	Gemmatimonadetes		cellular organisms; Bacteria; FCB group; Gemmatimonadetes; Gemmatimonadetes; Gemmatimonadales; Gemmatimonadaceae; Gemmatimonas; Gemmatimonas aurantiaca
50737/13/1	Fusobacterium_perfoetens_ATCC_29250	19217/48125/3	GCF_000622245.1	1408439	Go0044079	2571042013	NZ_JHXW00000000.1	JHXW00000000.1	GCF_000622245.1_ASM62224v1		Fusobacterium perfoetens ATCC 29250	Isolate	Bacteria	Fusobacteria	Fusobacteriia		cellular organisms; Bacteria; Fusobacteria; Fusobacteriia; Fusobacteriales; Fusobacteriaceae; Fusobacterium; Fusobacterium perfoetens
				1429438	N/A	2563366761	N/A	AZHW00000000.1	GCF_000522425.1_v3		Candidatus Entotheonella factor TSY1	MAG	Bacteria	Candidatus Tectomicrobia	Candidatus Entotheonella		cellular organisms; Bacteria; Nitrospinae/Tectomicrobia group; Candidatus Tectomicrobia; Candidatus Entotheonella
50737/14/1	Nitrospina_gracilis_3_211	19217/123498/3	GCF_000341545.2	1266370	Go0035725	2531839654	NZ_CAQJ00000000.1	CAQJ00000000.1	GCF_000341545.2_ASM34154v2		Nitrospina gracilis 3/211	Isolate	Bacteria	Nitrospinae	Nitrospinia		cellular organisms; Bacteria; Nitrospinae/Tectomicrobia group; Nitrospinae; Nitrospinia; Nitrospinales; Nitrospinaceae; Nitrospina; Nitrospina gracilis
50737/15/1	Nitrospira_defluvii	19217/176443/4	GCF_000196815.1	330214	Go0001691	649633030	NC_014355.1	FP929003.1	GCF_000196815.1_ASM19681v1		Nitrospira defluvii A17	Isolate	Bacteria	Nitrospirae	Nitrospira		cellular organisms; Bacteria; Nitrospirae; Nitrospira; Nitrospirales; Nitrospiraceae; Nitrospira; Nitrospira defluvii
50737/16/1	Acidithiobacillus_albertensis	19217/150972/4	GCF_001931655.1	119978	Go0028077	2751185777	NZ_MOAD00000000.1	MOAD00000000.1	GCF_001931655.1_ASM193165v1		Acidithiobacillus albertensis DSM 14366	Isolate	Bacteria	Proteobacteria	Acidithiobacillia		cellular organisms; Bacteria; Proteobacteria; Acidithiobacillia; Acidithiobacillales; Acidithiobacillaceae; Acidithiobacillus; Acidithiobacillus albertensis
		19217/345961/4	GCF_002749615.1	69666	Go0408713	2775506948	NZ_CP024201.1	CP024201.1	GCF_002749615.1_ASM274961v1		Caulobacter mirabilis FWC 38	Isolate	Bacteria	Proteobacteria	Alphaproteobacteria		cellular organisms; Bacteria; Proteobacteria; Alphaproteobacteria; Caulobacterales; Caulobacteraceae; Caulobacter; Caulobacter mirabilis
		19217/82689/4	GCF_000402035.1	758793	Go0040244	2597489944	NC_021287.1 , NC_021294.1 , NC_021288.1	AP013058.1 , AP013059.1 , AP013060.1	GCF_000402035.1_ASM40203v1		Burkholderia insecticola RPE64	Isolate	Bacteria	Proteobacteria	Betaproteobacteria		cellular organisms; Bacteria; Proteobacteria; Betaproteobacteria; Burkholderiales; Burkholderiaceae; Burkholderia; Burkholderia insecticola
				1817772	N/A	2724678913	N/A	MFNE00000000.1	GCA_001783695.1_ASM178369v1		Candidatus Lambdaproteobacteria bacterium RIFOXYD2_FULL_50_16	MAG	Bacteria	Proteobacteria	Candidatus Lambdaproteobacteria		cellular organisms; Bacteria; Proteobacteria; Candidatus Lambdaproteobacteria
				1817768	N/A	2710723890	N/A	MFTC00000000.1	GCA_001785205.1_ASM178520v1		Candidatus Muproteobacteria bacterium RIFCSPLOWO2_01_FULL_60_18	MAG	Bacteria	Proteobacteria	Candidatus Muproteobacteria		cellular organisms; Bacteria; Proteobacteria; Candidatus Muproteobacteria
		19217/48317/3	GCF_000195755.1	882	Go0000581	637000096	NC_002937.3	AE017285.1	GCF_000195755.1_ASM19575v1		Desulfovibrio vulgaris str. Hildenborough	Isolate	Bacteria	Proteobacteria	Deltaproteobacteria		cellular organisms; Bacteria; Proteobacteria; delta/epsilon subdivisions; Deltaproteobacteria; Desulfovibrionales; Desulfovibrionaceae; Desulfovibrio; Desulfovibrio vulgaris
		19217/23213/2	 GCF_000008525.1	1407462	Go0068142	2558309076	NC_000915.1	AE000511.1	GCF_000008525.1_ASM852v1		Helicobacter pylori BM012A	Isolate	Bacteria	Proteobacteria	Epsilonproteobacteria		cellular organisms; Bacteria; Proteobacteria; delta/epsilon subdivisions; Epsilonproteobacteria; Campylobacterales; Helicobacteraceae; Helicobacter; Helicobacter pylori
		19217/117916/4	GCF_000963495.1	1334632	Go0107652	2619619293	NC_016830.1	CP003150.1	GCF_000237065.1_ASM23706v1		Pseudomonas fluorescens PICF7	Isolate	Bacteria	Proteobacteria	Gammaproteobacteria		cellular organisms; Bacteria; Proteobacteria; Gammaproteobacteria; Pseudomonadales; Pseudomonadaceae; Pseudomonas; Pseudomonas fluorescens group; Pseudomonas fluorescens
		19217/110053/3	GCF_000425565.1	1123354	Go0012380	2524023151	NZ_AUDR00000000.1	AUDR00000000.1	GCF_000425565.1_ASM42556v1		Tepidiphilus margaritifer DSM 15129	Isolate	Bacteria	Proteobacteria	Hydrogenophilalia		cellular organisms; Bacteria; Proteobacteria; Hydrogenophilalia; Hydrogenophilales; Hydrogenophilaceae; Tepidiphilus; Tepidiphilus margaritifer
		19217/95162/5	GCF_000348725.1	1184267	Go0021095	2541047022	NC_020813.1	CP003537.1	GCF_000348725.1_ASM34872v1		Bdellovibrio exovorus JSS	Isolate	Bacteria	Proteobacteria	Oligoflexia		cellular organisms; Bacteria; Proteobacteria; Oligoflexia; Bdellovibrionales; Bdellovibrionaceae; Bdellovibrio; Bdellovibrio exovorus
		19217/186761/3	GCF_001895085.1	1921010	Go0357230	2724679736	NZ_BDFD00000000.1	BDFD00000000.1	GCF_001895085.1_ASM189508v1		Mariprofundus micogutta ET2	Isolate	Bacteria	Proteobacteria	Zetaproteobacteria		cellular organisms; Bacteria; Proteobacteria; Zetaproteobacteria; Mariprofundales; Mariprofundaceae; Mariprofundus; Mariprofundus micogutta
				2093361	N/A	N/A	N/A	QZKI00000000.1	GCA_003598055.1_ASM359805v1		Candidatus Abyssubacteria bacterium SURF_17	MAG	Bacteria	Candidatus Abyssubacteria	Candidatus Abyssubacteria		cellular organisms; Bacteria; PVC group; Candidatus Abyssubacteria
				2093366	N/A	N/A	N/A	QZJZ00000000.1	GCA_003599815.1_ASM359981v1		Candidatus Aureabacteria bacterium SURF_26	MAG	Bacteria	Candidatus Aureabacteria	Candidatus Aureabacteria		cellular organisms; Bacteria; PVC group; Candidatus Aureabacteria
				699264	Go0006754	2264867162	N/A	ASOC00000000.1	GCF_000405945.1_ASM40594v1		Candidatus Omnitrophus fodinae SCGC AAA011-A17	SAG	Bacteria	Candidatus Omnitrophica	Candidatus Omnitrophica		cellular organisms; Bacteria; PVC group; Candidatus Omnitrophica; Candidatus Omnitrophus; Candidatus Omnitrophus fodinae
		19217/138751/3	GCF_000204135.1	1234368	Go0025104	2554235370	NC_015408.1	CP002608.1	GCF_000204135.1_ASM20413v1		Chlamydia pecorum W73	Isolate	Bacteria	Chlamydiae	Chlamydiia		cellular organisms; Bacteria; PVC group; Chlamydiae; Chlamydiia; Chlamydiales; Chlamydiaceae; Chlamydia/Chlamydophila group; Chlamydia; Chlamydia pecorum
		19217/88552/4	GCF_001017655.1	1307763	Go0109835	N/A	NZ_CP010904.1	CP010904.1	GCF_001017655.1_ASM101765v1		Kiritimatiella glycovorans DSM 26986	Isolate	Bacteria	Kiritimatiellaeota	Kiritimatiellae		cellular organisms; Bacteria; PVC group; Kiritimatiellaeota; Kiritimatiellae; Kiritimatiellales; Kiritimatiellaceae; Kiritimatiella
		19217/187936/3	GCF_000170755.1	313628	Go0001542	640963040	NZ_ABCK00000000.1	ABCK00000000.1	GCF_000170755.1_ASM17075v1		Lentisphaera araneosa HTCC2155	Isolate	Bacteria	Lentisphaerae	Lentisphaeria		cellular organisms; Bacteria; PVC group; Lentisphaerae; Lentisphaeria; Lentisphaerales; Lentisphaeraceae; Lentisphaera; Lentisphaera araneosa
		19217/16534/6	GCF_000025185.1	530564	Go0002268	646311948	NC_013720.1	CP001848.1	GCF_000025185.1_ASM2518v1		Pirellula staleyi DSM 6068	Isolate	Bacteria	Planctomycetes	Planctomycetia		cellular organisms; Bacteria; PVC group; Planctomycetes; Planctomycetia; Planctomycetales; Planctomycetaceae; Pirellula; Pirellula staleyi
		19217/296969/3	GCF_900105685.1	1882831	Go0145407	2690315640	NZ_LT629781.1	LT629781.1	GCF_900105685.1_IMG-taxon_2690315640_annotated_assembly		Verrucomicrobium sp. GAS474	Isolate	Bacteria	Verrucomicrobia	Verrucomicrobiae		cellular organisms; Bacteria; PVC group; Verrucomicrobia; Verrucomicrobiae; Verrucomicrobiales; Verrucomicrobiaceae; Verrucomicrobium
		19217/141817/4	GCF_000242595.2	889378	Go0003651	2509276057	NC_017098.1	CP003282.1	GCF_000242595.2_ASM24259v3		Spirochaeta africana DSM 8902	Isolate	Bacteria	Spirochaetes	Spirochaetia		cellular organisms; Bacteria; Spirochaetes; Spirochaetia; Spirochaetales; Spirochaetaceae; Spirochaeta; Spirochaeta africana
		19217/140282/5	 GCF_000238615.1	457415	Go0005197	2513237299	N/A	ACUH00000000.1	GCF_000238615.1_Synerg_sp_3_1_syn1_V1		Synergistes sp. 3_1_syn1	Isolate	Bacteria	Synergistetes	Synergistia		cellular organisms; Bacteria; Synergistetes; Synergistia; Synergistales; Synergistaceae; Synergistes
		19217/372803/2	GCF_002973605.1	1960156	N/A	N/A	NZ_NIGF00000000.1	NIGF00000000.1	GCF_002973605.1_ASM297360v1		Abditibacterium utsteinense DSM 105287	Isolate	Bacteria	Abditibacteriota	Abditibacteria		cellular organisms; Bacteria; Terrabacteria group; Abditibacteriota; Abditibacteria; Abditibacteriales; Abitibacteriaceae; Abditibacterium; Abditibacterium utsteinense
		19217/91650/4	 GCF_000203835.1	100226	Go0000692	637000305	NC_003888.3	AL645882.2	GCF_000203835.1_ASM20383v1		Streptomyces coelicolor A3(2)	Isolate	Bacteria	Actinobacteria	Actinobacteria		cellular organisms; Bacteria; Terrabacteria group; Actinobacteria; Actinobacteria; Streptomycetales; Streptomycetaceae; Streptomyces; Streptomyces albidoflavus group; Streptomyces coelicolor
		19217/155565/3	GCF_000724625.1	661478	Go0011962	2585427636	NZ_CP007139.1	CP007139.1	GCF_000724625.1_ASM72462v1		Fimbriimonas ginsengisoli Gsoil 348	Isolate	Bacteria	Armatimonadetes	Fimbriimonadia		cellular organisms; Bacteria; Terrabacteria group; Armatimonadetes; Fimbriimonadia; Fimbriimonadales; Fimbriimonadaceae; Fimbriimonas; Fimbriimonas ginsengisoli
				2099669	N/A	N/A	N/A	PXBW00000000.1	GCA_003566775.1_ASM356677v1		candidate division WS1 bacterium	MAG	Bacteria	candidate division WS1	candidate division WS1		cellular organisms; Bacteria; Terrabacteria group; candidate division WS1; unclassified candidate division WS1
		19217/48973/3	GCF_000018865.1	480224	Go0001329	643692015	NC_010175.1	CP000909.1	GCF_000018865.1_ASM1886v1		Chloroflexus aurantiacus Y-400-fl	Isolate	Bacteria	Chloroflexi	Chloroflexia		cellular organisms; Bacteria; Terrabacteria group; Chloroflexi; Chloroflexia; Chloroflexales; Chloroflexineae; Chloroflexaceae; Chloroflexus; Chloroflexus aurantiacus
		19217/123429/3	GCF_000020945.1	309798	Go0001352	643348530	NC_011295.1	CP001145.1	GCF_000020945.1_ASM2094v1		Coprothermobacter proteolyticus DSM 5265	Isolate	Bacteria	Coprothermobacterota	Coprothermobacteria		cellular organisms; Bacteria; Terrabacteria group; Coprothermobacterota; Coprothermobacteria; Coprothermobacterales; Coprothermobacteraceae; Coprothermobacter; Coprothermobacter proteolyticus
		19217/137293/3	GCF_000195975.1	84588	Go0000622	637000314	NC_005070.1	BX548020.1	GCF_000195975.1_ASM19597v1		Synechococcus sp. WH 8102	Isolate	Bacteria	Cyanobacteria	Cyanobacteria		cellular organisms; Bacteria; Terrabacteria group; Cyanobacteria/Melainabacteria group; Cyanobacteria; Synechococcales; Synechococcaceae; Synechococcus
				2184343	N/A	N/A	N/A	QFBQ01000001.1	GCA_003265885.1_ASM326588v1		Candidatus Marinamargulisbacteria bacterium SCGC AG-343-D04	SAG	Bacteria	Candidatus Margulisbacteria	Candidatus Margulisbacteria		cellular organisms; Bacteria; Terrabacteria group; Cyanobacteria/Melainabacteria group; Candidatus Margulisbacteria; Candidatus Marinamargulisbacteria
				1916229	N/A	N/A	N/A	DABH00000000.1	GCA_002102745.1_ASM210274v1		Candidatus Gastranaerophilales bacterium HUM_10	MAG	Bacteria	Candidatus Melainabacteria	Candidatus Melainabacteria		cellular organisms; Bacteria; Terrabacteria group; Cyanobacteria/Melainabacteria group; Candidatus Melainabacteria; Candidatus Gastranaerophilales
				1802576	N/A	2713897351	N/A	METY00000000.1	GCA_001771465.1_ASM177146v1		candidate division WOR-1 bacterium RIFOXYA2_FULL_51_19	MAG	Bacteria	Candidatus Saganbacteria	Candidatus Saganbacteria		cellular organisms; Bacteria; Terrabacteria group; Cyanobacteria/Melainabacteria group; Candidatus Saganbacteria
				1919279	N/A	N/A	N/A	DAZV00000000.1	GCA_002083825.1_ASM208382v1		Candidatus Sericytochromatia bacterium S15B-MN24 CBMW_12	MAG	Bacteria	Candidatus Sericytochromatia	Candidatus Sericytochromatia		cellular organisms; Bacteria; Terrabacteria group; Cyanobacteria/Melainabacteria group; Candidatus Sericytochromatia
		19217/208628/2	GCF_000008565.1	243230	Go0144241	2687453506	NC_001263.1 , NC_001264.1	AE000513.1 , AE001825.1	GCF_000008565.1_ASM856v1		Deinococcus radiodurans R1	Isolate	Bacteria	Deinococcus-Thermus	Deinococci		cellular organisms; Bacteria; Terrabacteria group; Deinococcus-Thermus; Deinococci; Deinococcales; Deinococcaceae; Deinococcus; Deinococcus radiodurans
		19217/211670/4	GCF_000009045.1	224308	Go0000781	646311909	NC_000964.3	AL009126.3	GCF_000009045.1_ASM904v1	11	Bacillus subtilis subsp. subtilis str. 168	Isolate	Bacteria	Firmicutes	Bacilli	Bacillales	cellular organisms; Bacteria; Terrabacteria group; Firmicutes; Bacilli; Bacillales; Bacillaceae; Bacillus; Bacillus subtilis group; Bacillus subtilis; Bacillus subtilis subsp. subtilis
		19217/134308/2	GCF_000011985.1	272621	Go0000501	637000138	NC_006814.3	CP000033.3	GCF_000011985.1_ASM1198v1	11	Lactobacillus acidophilus NCFM	Isolate	Bacteria	Firmicutes	Bacilli	Lactobacillales	cellular organisms; Bacteria; Terrabacteria group; Firmicutes; Bacilli; Lactobacillales; Lactobacillaceae; Lactobacillus; Lactobacillus acidophilus
				2508949	N/A	N/A	NZ_SDOZ00000000.1	SDOZ00000000.1	GCF_004134775.1_ASM413477v1	11	Candidatus Borkfalkia ceftriaxoniphila HDS1380	MAG / Purified cells	Bacteria	Firmicutes	Clostridia	Candidatus Borkfalkiales	cellular organisms; Bacteria; Terrabacteria group; Firmicutes; Clostridia; Candidatus Borkfalkiales; Candidatus Borkfalkiaceae; Candidatus Borkfalkia
		19217/117113/2	GCF_000013285.1	195103	Go0000322	637000077	NC_008261.1	CP000246.1	GCF_000013285.1_ASM1328v1	11	Clostridium perfringens ATCC 13124	Isolate	Bacteria	Firmicutes	Clostridia	Clostridiales	cellular organisms; Bacteria; Terrabacteria group; Firmicutes; Clostridia; Clostridiales; Clostridiaceae; Clostridium; Clostridium perfringens
		19217/72986/14	GCF_000165465.1	572479	Go0003611	650377948	NC_017455.1	CP002175.1	GCF_000165465.1_ASM16546v1	11	Halanaerobium praevalens DSM 2228	Isolate	Bacteria	Firmicutes	Clostridia	Halanaerobiales	cellular organisms; Bacteria; Terrabacteria group; Firmicutes; Clostridia; Halanaerobiales; Halanaerobiaceae; Halanaerobium; Halanaerobium praevalens
		19217/106972/6	GCF_000020005.1	457570	Go0001894	642555142	NC_010718.1	CP001034.1	GCF_000020005.1_ASM2000v1	11	Natranaerobius thermophilus JW/NM-WN-LF	Isolate	Bacteria	Firmicutes	Clostridia	Natranaerobiales	cellular organisms; Bacteria; Terrabacteria group; Firmicutes; Clostridia; Natranaerobiales; Natranaerobiaceae; Natranaerobius; Natranaerobius thermophilus
				589861	Go0004568	645058764	NZ_CP033580.1	CP033580.1	GCF_003722315.1_ASM372231v1	11	Thermoanaerobacter ethanolicus CCSD1	Isolate	Bacteria	Firmicutes	Clostridia	Thermoanaerobacterales	cellular organisms; Bacteria; Terrabacteria group; Firmicutes; Clostridia; Thermoanaerobacterales; Thermoanaerobacteraceae; Thermoanaerobacter; Thermoanaerobacter ethanolicus
		19217/72416/13	GCF_000687835.1	1408417	Go0018543	2558860159	NZ_JHYB00000000.1	JHYB00000000.1	GCF_000687835.1_ASM68783v1	4	Acholeplasma modicum ATCC 29102	Isolate	Bacteria	Tenericutes	Mollicutes		cellular organisms; Bacteria; Terrabacteria group; Tenericutes; Mollicutes; Acholeplasmatales; Acholeplasmataceae; Acholeplasma; Acholeplasma modicum
		19217/164124/4	GCF_000746255.1	161156	Go0044192	2579779159	NZ_JQKW00000000.1	JQKW00000000.1	GCF_000746255.1_ASM74625v1		Thermodesulfobacterium hydrogeniphilum DSM 14290	Isolate	Bacteria	Thermodesulfobacteria	Thermodesulfobacteria		cellular organisms; Bacteria; Thermodesulfobacteria; Thermodesulfobacteria; Thermodesulfobacteriales; Thermodesulfobacteriaceae; Thermodesulfobacterium; Thermodesulfobacterium hydrogeniphilum
		19217/73076/14	GCF_000008545.1	243274	Go0010334	2519899531	NC_000853.1	AE000512.1	GCF_000008545.1_ASM854v1		Thermotoga maritima MSB8	Isolate	Bacteria	Thermotogae	Thermotogae		cellular organisms; Bacteria; Thermotogae; Thermotogae; Thermotogales; Thermotogaceae; Thermotoga; Thermotoga maritima
				1797291	N/A	2708742809	N/A	MEYH00000000.1	GCA_001773955.1_ASM177395v1		Candidatus Atribacteria bacterium RBG_19FT_COMBO_35_14	MAG	Bacteria	Candidatus Atribacteria	Candidatus Atribacteria		cellular organisms; Bacteria; unclassified Bacteria; Bacteria candidate phyla; Candidatus Atribacteria; unclassified Atribacteria
				1655308	N/A	N/A	N/A	LDIV00000000.1	GCA_001468855.1_ASM146885v1		candidate division TM6 bacterium UASB124	MAG	Bacteria	TM6	TM6		cellular organisms; Bacteria; unclassified Bacteria; Bacteria candidate phyla; Candidatus Dependentiae; unclassified Candidatus Dependentiae
				1805367	N/A	N/A	N/A	MNEF00000000.1	GCA_001917535.1_ASM191753v1		Candidatus Rokubacteria bacterium 13_1_40CM_69_27	MAG	Bacteria	Candidatus Rokubacteria	Candidatus Rokubacteria		cellular organisms; Bacteria; unclassified Bacteria; Bacteria candidate phyla; Candidatus Rokubacteria
		19217/194895/3	GCF_000008665.1	1344584	Go0102124	2588253768	NC_000917.1	AE000782.1	GCF_000008665.1_ASM866v1	11	Archaeoglobus fulgidus DSM 8774	Isolate	Archaea	Euryarchaeota	Archaeoglobi		cellular organisms; Archaea; Euryarchaeota; Archaeoglobi; Archaeoglobales; Archaeoglobaceae; Archaeoglobus; Archaeoglobus fulgidus
				2491083	N/A	N/A	N/A	RXIF00000000.1	GCA_004212075.1_ASM421207v1	11	Candidatus Methanoliparum thermophilum	MAG	Archaea	Euryarchaeota	Methanoliparia		cellular organisms; Archaea; Euryarchaeota; Candidatus Methanoliparia; Candidatus Methanoliparales; Candidatus Methanoliparaceae; Candidatus Methanoliparum
				1915863	N/A	N/A	N/A	DAVD00000000.1	GCA_002505405.1_ASM250540v1	11	Candidatus Poseidonia alphae	MAG	Archaea	Euryarchaeota	Diaforarchaea group: Poseidoniia		cellular organisms; Archaea; Euryarchaeota; Diaforarchaea group; Candidatus Poseidoniia; Candidatus Poseidoniales; Candidatus Poseidoniaceae; Candidatus Poseidonia
		19217/196101/3	GCF_000025665.1	439481	Go0004786	646564501	NC_013926.1	CP001941.1	GCF_000025665.1_ASM2566v1	11	Aciduliprofundum boonei T469	Isolate	Archaea	Euryarchaeota	Diaforarchaea group: DHVE2 group		cellular organisms; Archaea; Euryarchaeota; Diaforarchaea group; DHVE2 group; Aciduliprofundum; Aciduliprofundum boonei
		19217/195246/3	GCF_000195915.1	273075	Go0000752	638154521	NC_002578.1	AL139299.1	GCF_000195915.1_ASM19591v1	11	Thermoplasma acidophilum DSM 1728	Isolate	Archaea	Euryarchaeota	Diaforarchaea group: Thermoplasmata		cellular organisms; Archaea; Euryarchaeota; Diaforarchaea group; Thermoplasmata; Thermoplasmatales; Thermoplasmataceae; Thermoplasma; Thermoplasma acidophilum
				1776333	N/A	N/A	N/A	LQMP00000000.1	GCA_001515215.1_ASM619181v1	11	Hadesarchaea archaeon YNP_N21	MAG	Archaea	Euryarchaeota	Hadesarchaea		cellular organisms; Archaea; Euryarchaeota; Hadesarchaea; unclassified Hadesarchaea
		19217/195828/3	GCF_000145295.1	79929	Go0007732	648028041	NC_014408.1	CP001710.1	GCF_000145295.1_ASM14529v1	11	Methanothermobacter marburgensis str. Marburg	Isolate	Archaea	Euryarchaeota	Methanomada group: Methanobacteria		cellular organisms; Archaea; Euryarchaeota; Methanomada group; Methanobacteria; Methanobacteriales; Methanobacteriaceae; Methanothermobacter; Methanothermobacter marburgensis
		19217/194544/3	GCF_000091665.1	243232	Go0000789	638154505	NC_000909.1	L77117.1	GCF_000091665.1_ASM9166v1	11	Methanocaldococcus jannaschii DSM 2661	Isolate	Archaea	Euryarchaeota	Methanomada group: Methanococci		cellular organisms; Archaea; Euryarchaeota; Methanomada group; Methanococci; Methanococcales; Methanocaldococcaceae; Methanocaldococcus; Methanocaldococcus jannaschii
		19217/263458/3	GCF_002153915.1	1927129	Go0452544	2786546529	NZ_MRZU00000000.1	MRZU00000000.1	GCF_002153915.1_ASM215391v1	11	Methanonatronarchaeum thermophilum	Isolate	Archaea	Euryarchaeota	Methanonatronarchaeia		cellular organisms; Archaea; Euryarchaeota; Methanonatronarchaeia; Methanonatronarchaeales; Methanonatronarchaeaceae; Methanonatronarchaeum
				190192	Go0000700	638154507	NC_003551.1	AE009439.1	GCF_000007185.1_ASM718v1	11	Methanopyrus kandleri AV19	Isolate	Archaea	Euryarchaeota	Methanopyri		cellular organisms; Archaea; Euryarchaeota; Methanopyri; Methanopyrales; Methanopyraceae; Methanopyrus; Methanopyrus kandleri
				1737403	N/A	N/A	N/A	CP012986.1	GCA_001761425.1_ASM176142v1	11	Nanohaloarchaea archaeon SG9	MAG	Archaea	Euryarchaeota	Stenosarchaea group: Nanohaloarchaeota		cellular organisms; Archaea; Euryarchaeota; Stenosarchaea group; Candidatus Nanohaloarchaeota; Nanohaloarchaea; unclassified Nanohaloarchaea
		19217/194907/3	GCF_000006805.1	64091	Go0000749	638154504	NC_002607.1	AE004437.1	GCF_000006805.1_ASM680v1	11	Halobacterium salinarum NRC-1	Isolate	Archaea	Euryarchaeota	Stenosarchaea group: Halobacteria		cellular organisms; Archaea; Euryarchaeota; Stenosarchaea group; Halobacteria; Halobacteriales; Halobacteriaceae; Halobacterium; Halobacterium salinarum
		19217/194568/3	GCF_000711215.1	694440	Go0003616	2571042922	NZ_JOMF00000000.1	JOMF00000000.1	GCF_000711215.1_ASM71121v1	11	Methanomicrobium mobile BP	Isolate	Archaea	Euryarchaeota	Stenosarchaea group: Methanomicrobia		cellular organisms; Archaea; Euryarchaeota; Stenosarchaea group; Methanomicrobia; Methanomicrobiales; Methanomicrobiaceae; Methanomicrobium; Methanomicrobium mobile
				1803814	N/A	2740891984	N/A	LSSC00000000.1	GCA_001595815.1_ASM159581v1	11	Theionarchaea archaeon DG-70-1	MAG	Archaea	Euryarchaeota	Theionarchaea		cellular organisms; Archaea; Euryarchaeota; Theionarchaea; unclassified Theionarchaea
		19217/194965/3	GCF_000007305.1	1185654	Go0021534	2517093039	NC_003413.1	AE009950.1	GCF_000007305.1_ASM730v1	11	Pyrococcus furiosus COM1	Isolate	Archaea	Euryarchaeota	Thermococci		cellular organisms; Archaea; Euryarchaeota; Thermococci; Thermococcales; Thermococcaceae; Pyrococcus; Pyrococcus furiosus
				2099668	N/A	N/A	N/A	PWGK00000000.1	GCA_003555245.1_ASM355524v1	11	candidate division MSBL1 archaeon	MAG	Archaea	Euryarchaeota	candidate division MSBL1		cellular organisms; Archaea; Euryarchaeota; unclassified Euryarchaeota; candidate division MSBL1
				913322	Go0011598	2264867215	N/A	AQSC00000000.1	GCA_000402775.1_ASM40277v1	11	Euryarchaeota archaeon SCGC AAA252-I15	SAG	Archaea	Euryarchaeota	candidate division pMC2A384		cellular organisms; Archaea; Euryarchaeota; unclassified Euryarchaeota; candidate division pMC2A384
				2077317	N/A	N/A	N/A	PSPL00000000.1	GCA_004195645.1_ASM419564v1	11	uncultured DHVE6 group euryarchaeote	MAG	Archaea	Euryarchaeota	DHVE6 group		cellular organisms; Archaea; Euryarchaeota; unclassified Euryarchaeota; DHVE6 group; environmental samples
				743730	Go0010633	2264867065	N/A	ASMQ00000000.1	GCA_000405245.1_ASM40524v1	11	Candidatus Aenigmarchaeum subterraneum SCGC AAA011-O16	SAG	Archaea	DPANN: Aenigmarchaeota			cellular organisms; Archaea; DPANN group; Candidatus Aenigmarchaeota; Candidatus Aenigmarchaeum; Candidatus Aenigmarchaeum subterraneum
				2012506	N/A	N/A	N/A	NJEG00000000.1	GCA_002254565.1_ASM225456v1	11	Candidatus Altiarchaeales archaeon ex4484_2	MAG	Archaea	DPANN: Altiarchaeota			cellular organisms; Archaea; DPANN group; Candidatus Altiarchaeota; Candidatus Altiarchaeales; unclassified Candidatus Altiarchaeales
				1104576	Go0019039	2264867067	N/A	AQRS00000000.1	GCA_000402355.1_ASM40235v1	11	Candidatus Iainarchaeum andersonii SCGC AAA011-E11	SAG	Archaea	DPANN: Diapherotrites			cellular organisms; Archaea; DPANN group; Candidatus Diapherotrites; Candidatus Iainarchaeum; Candidatus Iainarchaeum andersonii
				2014257	N/A	2785510809	N/A	PEUT01000026.1	GCA_002780595.1_ASM278059v1	11	Candidatus Huberiarchaeum crystalense CG03_land_8_20_14_0_80_31_114	MAG	Archaea	DPANN: Huberarchaea			cellular organisms; Archaea; DPANN group; Candidatus Huberarchaea; Candidatus Huberiarchaeum
		19217/372754/2	GCF_002214165.1	1920749	Go0396215	2757320680	NZ_CP019964.1	CP019964.1	GCF_002214165.1_ASM221416v1	11	Candidatus Mancarchaeum acidiphilum Mia14	"Isolate" (co-culture)	Archaea	DPANN: Micrarchaeota			cellular organisms; Archaea; DPANN group; Candidatus Micrarchaeota; Candidatus Mancarchaeum
				2026773	N/A	N/A	N/A	NZDU00000000.1	GCA_002688875.1_ASM268887v1	11	Candidatus Pacearchaeota archaeon ARS103	MAG	Archaea	DPANN: Pacearchaeota			cellular organisms; Archaea; DPANN group; Candidatus Pacearchaeota
				1916008	N/A	N/A	N/A	DASS00000000.1	GCA_002503915.1_ASM250391v1	11	Candidatus Parvarchaeota archaeon UBA264	MAG	Archaea	DPANN: Parvarchaeota			cellular organisms; Archaea; DPANN group; Candidatus Parvarchaeota; unclassified Candidatus Parvarchaeota
				2012492	N/A	N/A	N/A	NJBG00000000.1	GCA_005222965.1_ASM522296v1	11	Candidatus Woesearchaeota archaeon B3_Woes	MAG	Archaea	DPANN: Woesearchaeota			cellular organisms; Archaea; DPANN group; Candidatus Woesearchaeota
				1577684	Go0114307	2681813051	N/A	CP010514.1	GCA_001552015.1_ASM155201v1	11	Candidatus Nanopusillus acidilobi	"Isolate" (co-culture)	Archaea	DPANN: Nanoarchaeota			cellular organisms; Archaea; DPANN group; Nanoarchaeota; Nanoarchaeales; Nanopusillaceae; Candidatus Nanopusillus
				1935129	N/A	2728369320	N/A	MTMF00000000.1	GCA_002011125.1_ASM201112v1	11	Candidatus Hydrothermarchaeota archaeon JdFR-18	MAG	Archaea	Hydrothermarchaeota			cellular organisms; Archaea; Candidatus Hydrothermarchaeota
				2012493	N/A	N/A	N/A	NJBF00000000.1	GCA_003144275.1_ASM314427v1	11	Candidatus Heimdallarchaeota archaeon B3_Heim	MAG	Archaea	Asgard group: Heimdallarchaeota			cellular organisms; Archaea; Asgard group; Candidatus Heimdallarchaeota
				2218537	N/A	N/A	N/A	SUPR00000000.1	GCA_005191425.1_ASM519142v1	11	Candidatus Helarchaeota ASGARD archaeon Hel_GB_B	MAG	Archaea	Asgard group: Helarchaeota			cellular organisms; Archaea; Asgard group; Candidatus Helarchaeota
				1538547	N/A	N/A	N/A	JYIM00000000.1	GCA_000986845.1_ASM98684v1	11	Lokiarchaeum sp. GC14_75	MAG	Archaea	Asgard group: Lokiarchaeota			cellular organisms; Archaea; Asgard group; Candidatus Lokiarchaeota; Lokiarchaeum; unclassified Lokiarchaeum
				2594042	N/A	N/A	NZ_CP042905.1	CP042905.1	GCF_008000775.1_ASM800077v1	11	anaerobic archaeon MK-D1	Isolate	Archaea	Asgard group: Lokiarchaeota			cellular organisms; Archaea; unclassified Archaea; unclassified Archaea (miscellaneous)
				1841599	N/A	2740891986	N/A	MDVT00000000.1	GCA_001940665.1_ASM194066v1	11	Candidatus Odinarchaeota archaeon LCB_4	MAG	Archaea	Asgard group: Odinarchaeota			cellular organisms; Archaea; Asgard group; Candidatus Odinarchaeota
				1706444	N/A	2740891977	N/A	LRSL00000000.1	GCA_001563335.1_ASM156333v1	11	Candidatus Thorarchaeota archaeon SMTZ1-45	MAG	Archaea	Asgard group: Thorarchaeota			cellular organisms; Archaea; Asgard group; Candidatus Thorarchaeota
				1685126	N/A	2654587960	N/A	LFWW00000000.1	GCA_001273385.1_ASM127338v1	11	miscellaneous Crenarchaeota group-6 archaeon AD8-1	MAG	Archaea	TACK Group: Bathyarchaeota			cellular organisms; Archaea; TACK group; Candidatus Bathyarchaeota; MCG-6
				N/A	N/A	N/A	N/A	N/A	N/A	N/A	N/A		Archaea	TACK Group: Geoarchaeota			
				1874277	N/A	N/A	N/A	AP018732.1	https://www.ncbi.nlm.nih.gov/nuccore/AP018732.1	11	Conexivisphaera calidus NAS-02	Isolate	Archaea	TACK Group: Geothermarchaeota			cellular organisms; Archaea; TACK group; Candidatus Geothermarchaeota; Conexivisphaera
		19217/196254/3	GCF_000019605.1	374847	Go0001753	641522611	NC_010482.1	CP000968.1	GCF_000019605.1_ASM1960v1	11	Candidatus Korarchaeum cryptofilum OPF8	MAG / Purified cells	Archaea	TACK Group: Korarchaeota			cellular organisms; Archaea; TACK group; Candidatus Korarchaeota; Candidatus Korarchaeum; Candidatus Korarchaeum cryptofilum
				1978159	N/A	N/A	N/A	NEXG00000000.1	GCA_003019535.1_ASM301953v1	11	Candidatus Marsarchaeota G2 archaeon ECH_B_1	MAG	Archaea	TACK Group: Marsarchaeota			cellular organisms; Archaea; TACK group; Candidatus Marsarchaeota; Candidatus Marsarchaeota group 2
				2546571	N/A	N/A	N/A	QNVF00000000.1	GCA_004347965.1_ASM434796v1	11	Candidatus Nezhaarchaeota archaeon WYZ-LMO8	MAG	Archaea	TACK Group: Nezhaarchaeota			cellular organisms; Archaea; TACK group; Candidatus Nezhaarchaeota
				1916020	N/A	N/A	N/A	DAZQ00000000.1	GCA_002507395.1_ASM250739v1	11	Candidatus Verstraetearchaeota archaeon UBA76	MAG	Archaea	TACK Group: Verstraetearchaeota			cellular organisms; Archaea; TACK group; Candidatus Verstraetearchaeota; unclassified Candidatus Verstraetearchaeota
		19217/195942/3	GCF_000144915.1	666510	Go0003977	648028003	NC_014374.1	CP001742.1	GCF_000144915.1_ASM14491v1	11	Acidilobus saccharovorans 345-15	Isolate	Archaea	TACK Group: Crenarchaeota	Thermoprotei	Acidilobales	cellular organisms; Archaea; TACK group; Crenarchaeota; Thermoprotei; Acidilobales; Acidilobaceae; Acidilobus; Acidilobus saccharovorans
		19217/195915/3	GCF_000231015.2	768672	Go0003959	2513020047	NC_018001.1	CP003321.1	GCF_000231015.2_ASM23101v3	11	Desulfurococcus amylolyticus DSM 16532	Isolate	Archaea	TACK Group: Crenarchaeota	Thermoprotei	Desulfurococcales	cellular organisms; Archaea; TACK group; Crenarchaeota; Thermoprotei; Desulfurococcales; Desulfurococcaceae; Desulfurococcus; Desulfurococcus amylolyticus
				1163730	Go0009311	2513237177	NC_017461.1	CP003423.1	GCF_000258425.1_ASM25842v1	11	Fervidicoccus fontis Kam940	Isolate	Archaea	TACK Group: Crenarchaeota	Thermoprotei	Fervidicoccales	cellular organisms; Archaea; TACK group; Crenarchaeota; Thermoprotei; Fervidicoccales; Fervidicoccaceae; Fervidicoccus; Fervidicoccus fontis
		19217/195001/3	GCF_000012285.1	330779	Go0000473	638154517	NC_007181.1	CP000077.1	GCF_000012285.1_ASM1228v1	11	Sulfolobus acidocaldarius DSM 639	Isolate	Archaea	TACK Group: Crenarchaeota	Thermoprotei	Sulfolobales	cellular organisms; Archaea; TACK group; Crenarchaeota; Thermoprotei; Sulfolobales; Sulfolobaceae; Sulfolobus; Sulfolobus acidocaldarius
		19217/194982/3	GCF_000253055.1	768679	Go0002328	2511231093	NC_016070.1	FN869859.1	GCF_000253055.1_ASM25305v1	11	Thermoproteus tenax Kra 1	Isolate	Archaea	TACK Group: Crenarchaeota	Thermoprotei	Thermoproteales	cellular organisms; Archaea; TACK group; Crenarchaeota; Thermoprotei; Thermoproteales; Thermoproteaceae; Thermoproteus; Thermoproteus tenax
				414004	Go0000220	641522613	N/A	DP000238.1	GCA_000200715.1_ASM20071v1 (GCF_000200715.1_ASM20071v1)	11	Cenarchaeum symbiosum A	MAG / Purified cells	Archaea	TACK Group: Thaumarchaeota	Cenarchaeales		cellular organisms; Archaea; TACK group; Thaumarchaeota; Cenarchaeales; Cenarchaeaceae; Cenarchaeum; Cenarchaeum symbiosum
				436308	Go0002333	641228499	NC_010085.1	CP000866.1	GCF_000018465.1_ASM1846v1	11	Nitrosopumilus maritimus SCM1	Isolate	Archaea	TACK Group: Thaumarchaeota	Nitrosopumilales		cellular organisms; Archaea; TACK group; Thaumarchaeota; Nitrosopumilales; Nitrosopumilaceae; Nitrosopumilus; Nitrosopumilus maritimus
		19217/196411/3	GCF_000698785.1	926571	Go0016280	2585427612	NZ_CP007536.1	CP007536.1	GCF_000698785.1_ASM69878v1	11	Nitrososphaera viennensis EN76	Isolate	Archaea	TACK Group: Thaumarchaeota	Nitrososphaeria		cellular organisms; Archaea; TACK group; Thaumarchaeota; Nitrososphaeria; Nitrososphaerales; Nitrososphaeraceae; Nitrososphaera; Nitrososphaera viennensis